iso3,indicator_id,value,year,source_id
SGP,henley_visa_free,192,2026,HENLEY-2026
JPN,henley_visa_free,187,2026,HENLEY-2026
KOR,henley_visa_free,187,2026,HENLEY-2026
ARE,henley_visa_free,187,2026,HENLEY-2026
SWE,henley_visa_free,186,2026,HENLEY-2026
BEL,henley_visa_free,185,2026,HENLEY-2026
DNK,henley_visa_free,185,2026,HENLEY-2026
FIN,henley_visa_free,185,2026,HENLEY-2026
FRA,henley_visa_free,185,2026,HENLEY-2026
DEU,henley_visa_free,185,2026,HENLEY-2026
IRL,henley_visa_free,185,2026,HENLEY-2026
ITA,henley_visa_free,185,2026,HENLEY-2026
LUX,henley_visa_free,185,2026,HENLEY-2026
NLD,henley_visa_free,185,2026,HENLEY-2026
NOR,henley_visa_free,185,2026,HENLEY-2026
ESP,henley_visa_free,185,2026,HENLEY-2026
CHE,henley_visa_free,185,2026,HENLEY-2026
AUT,henley_visa_free,184,2026,HENLEY-2026
GRC,henley_visa_free,184,2026,HENLEY-2026
MLT,henley_visa_free,184,2026,HENLEY-2026
PRT,henley_visa_free,184,2026,HENLEY-2026
HUN,henley_visa_free,183,2026,HENLEY-2026
MYS,henley_visa_free,183,2026,HENLEY-2026
POL,henley_visa_free,183,2026,HENLEY-2026
GBR,henley_visa_free,183,2026,HENLEY-2026
AUS,henley_visa_free,182,2026,HENLEY-2026
CAN,henley_visa_free,182,2026,HENLEY-2026
CZE,henley_visa_free,182,2026,HENLEY-2026
LVA,henley_visa_free,182,2026,HENLEY-2026
NZL,henley_visa_free,182,2026,HENLEY-2026
SVK,henley_visa_free,182,2026,HENLEY-2026
SVN,henley_visa_free,182,2026,HENLEY-2026
HRV,henley_visa_free,181,2026,HENLEY-2026
EST,henley_visa_free,181,2026,HENLEY-2026
LIE,henley_visa_free,180,2026,HENLEY-2026
LTU,henley_visa_free,180,2026,HENLEY-2026
ISL,henley_visa_free,179,2026,HENLEY-2026
USA,henley_visa_free,179,2026,HENLEY-2026
BGR,henley_visa_free,177,2026,HENLEY-2026
ROU,henley_visa_free,177,2026,HENLEY-2026
MCO,henley_visa_free,176,2026,HENLEY-2026
CHL,henley_visa_free,174,2026,HENLEY-2026
CYP,henley_visa_free,174,2026,HENLEY-2026
HKG,henley_visa_free,174,2026,HENLEY-2026
AND,henley_visa_free,169,2026,HENLEY-2026
ARG,henley_visa_free,168,2026,HENLEY-2026
BRA,henley_visa_free,168,2026,HENLEY-2026
ISR,henley_visa_free,166,2026,HENLEY-2026
SMR,henley_visa_free,166,2026,HENLEY-2026
BRB,henley_visa_free,163,2026,HENLEY-2026
BRN,henley_visa_free,163,2026,HENLEY-2026
BHS,henley_visa_free,158,2026,HENLEY-2026
KNA,henley_visa_free,157,2026,HENLEY-2026
VCT,henley_visa_free,157,2026,HENLEY-2026
MEX,henley_visa_free,156,2026,HENLEY-2026
URY,henley_visa_free,155,2026,HENLEY-2026
ATG,henley_visa_free,154,2026,HENLEY-2026
SYC,henley_visa_free,154,2026,HENLEY-2026
CRI,henley_visa_free,148,2026,HENLEY-2026
GRD,henley_visa_free,147,2026,HENLEY-2026
MUS,henley_visa_free,147,2026,HENLEY-2026
PAN,henley_visa_free,147,2026,HENLEY-2026
DMA,henley_visa_free,145,2026,HENLEY-2026
PRY,henley_visa_free,145,2026,HENLEY-2026
TTO,henley_visa_free,145,2026,HENLEY-2026
LCA,henley_visa_free,144,2026,HENLEY-2026
UKR,henley_visa_free,142,2026,HENLEY-2026
MAC,henley_visa_free,141,2026,HENLEY-2026
PER,henley_visa_free,141,2026,HENLEY-2026
SRB,henley_visa_free,135,2026,HENLEY-2026
TWN,henley_visa_free,134,2026,HENLEY-2026
GTM,henley_visa_free,132,2026,HENLEY-2026
SLB,henley_visa_free,132,2026,HENLEY-2026
SLV,henley_visa_free,131,2026,HENLEY-2026
COL,henley_visa_free,130,2026,HENLEY-2026
HND,henley_visa_free,129,2026,HENLEY-2026
WSM,henley_visa_free,129,2026,HENLEY-2026
MHL,henley_visa_free,127,2026,HENLEY-2026
TON,henley_visa_free,127,2026,HENLEY-2026
MNE,henley_visa_free,126,2026,HENLEY-2026
MKD,henley_visa_free,126,2026,HENLEY-2026
NIC,henley_visa_free,125,2026,HENLEY-2026
TUV,henley_visa_free,125,2026,HENLEY-2026
KIR,henley_visa_free,122,2026,HENLEY-2026
ALB,henley_visa_free,121,2026,HENLEY-2026
BIH,henley_visa_free,121,2026,HENLEY-2026
GEO,henley_visa_free,120,2026,HENLEY-2026
FSM,henley_visa_free,120,2026,HENLEY-2026
PLW,henley_visa_free,120,2026,HENLEY-2026
MDA,henley_visa_free,119,2026,HENLEY-2026
VEN,henley_visa_free,116,2026,HENLEY-2026
RUS,henley_visa_free,113,2026,HENLEY-2026
TUR,henley_visa_free,113,2026,HENLEY-2026
QAT,henley_visa_free,111,2026,HENLEY-2026
BLZ,henley_visa_free,100,2026,HENLEY-2026
ZAF,henley_visa_free,100,2026,HENLEY-2026
KWT,henley_visa_free,96,2026,HENLEY-2026
ECU,henley_visa_free,93,2026,HENLEY-2026
MDV,henley_visa_free,92,2026,HENLEY-2026
TLS,henley_visa_free,92,2026,HENLEY-2026
GUY,henley_visa_free,88,2026,HENLEY-2026
BHR,henley_visa_free,87,2026,HENLEY-2026
FJI,henley_visa_free,87,2026,HENLEY-2026
SAU,henley_visa_free,87,2026,HENLEY-2026
VUT,henley_visa_free,87,2026,HENLEY-2026
NRU,henley_visa_free,86,2026,HENLEY-2026
JAM,henley_visa_free,85,2026,HENLEY-2026
OMN,henley_visa_free,84,2026,HENLEY-2026
PNG,henley_visa_free,84,2026,HENLEY-2026
CHN,henley_visa_free,82,2026,HENLEY-2026
BWA,henley_visa_free,81,2026,HENLEY-2026
XKX,henley_visa_free,81,2026,HENLEY-2026
KAZ,henley_visa_free,78,2026,HENLEY-2026
BLR,henley_visa_free,77,2026,HENLEY-2026
BOL,henley_visa_free,77,2026,HENLEY-2026
THA,henley_visa_free,76,2026,HENLEY-2026
SUR,henley_visa_free,75,2026,HENLEY-2026
NAM,henley_visa_free,74,2026,HENLEY-2026
LSO,henley_visa_free,73,2026,HENLEY-2026
DOM,henley_visa_free,71,2026,HENLEY-2026
MAR,henley_visa_free,71,2026,HENLEY-2026
SWZ,henley_visa_free,71,2026,HENLEY-2026
IDN,henley_visa_free,70,2026,HENLEY-2026
MWI,henley_visa_free,70,2026,HENLEY-2026
KEN,henley_visa_free,69,2026,HENLEY-2026
TZA,henley_visa_free,68,2026,HENLEY-2026
GMB,henley_visa_free,68,2026,HENLEY-2026
AZE,henley_visa_free,67,2026,HENLEY-2026
GHA,henley_visa_free,67,2026,HENLEY-2026
RWA,henley_visa_free,66,2026,HENLEY-2026
TUN,henley_visa_free,66,2026,HENLEY-2026
BEN,henley_visa_free,65,2026,HENLEY-2026
PHL,henley_visa_free,65,2026,HENLEY-2026
UGA,henley_visa_free,65,2026,HENLEY-2026
ARM,henley_visa_free,64,2026,HENLEY-2026
MNG,henley_visa_free,64,2026,HENLEY-2026
ZMB,henley_visa_free,64,2026,HENLEY-2026
CPV,henley_visa_free,63,2026,HENLEY-2026
SLE,henley_visa_free,62,2026,HENLEY-2026
ZWE,henley_visa_free,61,2026,HENLEY-2026
KGZ,henley_visa_free,59,2026,HENLEY-2026
MOZ,henley_visa_free,59,2026,HENLEY-2026
UZB,henley_visa_free,59,2026,HENLEY-2026
STP,henley_visa_free,58,2026,HENLEY-2026
TGO,henley_visa_free,57,2026,HENLEY-2026
BFA,henley_visa_free,56,2026,HENLEY-2026
CUB,henley_visa_free,56,2026,HENLEY-2026
IND,henley_visa_free,56,2026,HENLEY-2026
SEN,henley_visa_free,56,2026,HENLEY-2026
DZA,henley_visa_free,55,2026,HENLEY-2026
CIV,henley_visa_free,55,2026,HENLEY-2026
GAB,henley_visa_free,55,2026,HENLEY-2026
MDG,henley_visa_free,55,2026,HENLEY-2026
MRT,henley_visa_free,55,2026,HENLEY-2026
NER,henley_visa_free,54,2026,HENLEY-2026
MLI,henley_visa_free,53,2026,HENLEY-2026
TJK,henley_visa_free,53,2026,HENLEY-2026
GNQ,henley_visa_free,52,2026,HENLEY-2026
GIN,henley_visa_free,52,2026,HENLEY-2026
TCD,henley_visa_free,51,2026,HENLEY-2026
COM,henley_visa_free,50,2026,HENLEY-2026
GNB,henley_visa_free,50,2026,HENLEY-2026
EGY,henley_visa_free,49,2026,HENLEY-2026
HTI,henley_visa_free,49,2026,HENLEY-2026
JOR,henley_visa_free,49,2026,HENLEY-2026
LBR,henley_visa_free,49,2026,HENLEY-2026
AGO,henley_visa_free,48,2026,HENLEY-2026
BDI,henley_visa_free,48,2026,HENLEY-2026
CAF,henley_visa_free,48,2026,HENLEY-2026
VNM,henley_visa_free,48,2026,HENLEY-2026
BTN,henley_visa_free,47,2026,HENLEY-2026
KHM,henley_visa_free,47,2026,HENLEY-2026
CMR,henley_visa_free,47,2026,HENLEY-2026
COG,henley_visa_free,46,2026,HENLEY-2026
DJI,henley_visa_free,45,2026,HENLEY-2026
LAO,henley_visa_free,45,2026,HENLEY-2026
TKM,henley_visa_free,45,2026,HENLEY-2026
NGA,henley_visa_free,44,2026,HENLEY-2026
COD,henley_visa_free,43,2026,HENLEY-2026
LBN,henley_visa_free,43,2026,HENLEY-2026
ETH,henley_visa_free,42,2026,HENLEY-2026
MMR,henley_visa_free,42,2026,HENLEY-2026
SSD,henley_visa_free,41,2026,HENLEY-2026
SDN,henley_visa_free,41,2026,HENLEY-2026
LBY,henley_visa_free,39,2026,HENLEY-2026
LKA,henley_visa_free,39,2026,HENLEY-2026
ERI,henley_visa_free,38,2026,HENLEY-2026
IRN,henley_visa_free,38,2026,HENLEY-2026
PSE,henley_visa_free,38,2026,HENLEY-2026
BGD,henley_visa_free,36,2026,HENLEY-2026
NPL,henley_visa_free,35,2026,HENLEY-2026
PRK,henley_visa_free,35,2026,HENLEY-2026
SOM,henley_visa_free,32,2026,HENLEY-2026
PAK,henley_visa_free,31,2026,HENLEY-2026
YEM,henley_visa_free,31,2026,HENLEY-2026
IRQ,henley_visa_free,29,2026,HENLEY-2026
SYR,henley_visa_free,26,2026,HENLEY-2026
AFG,henley_visa_free,23,2026,HENLEY-2026
